Workbook

Sheet Chi tiết NVL
A1: CÔNG TY CỔ PHẦN KẾT CẤU THÉP STEELTECH
A2: MST: 0319777888
A4: NHẬP XUẤT TỒN
A5: Kỳ 01-12/2025
A7: Ngày chứng từ | B7: Số chứng từ nhập | C7: Ngày nhập hàng | D7: Số hóa đơn | E7: Ngày hóa đơn | F7: Số chứng từ xuất | G7: Ngày xuất hàng | H7: Nhà cung cấp | I7: Tên hàng | J7: ĐVT | K7: Đơn giá | L7: Tồn đầu kỳ | N7: Nhập trong kỳ | P7: Xuất trong kỳ | R7: Tồn cuối kỳ
L8: Số lượng | M8: Thành tiền | N8: Số lượng | O8: Thành tiền | P8: Số lượng | Q8: Thành tiền | R8: Số lượng | S8: Thành tiền
A9: 1 | B9: 2 | C9: 3 | D9: 4 | E9: 5 | F9: 6 | G9: 7 | H9: 8 | I9: 9 | J9: 10 | K9: 11 | L9: 12 | M9: 13 | N9: 14 | O9: 15 | P9: 16 | Q9: 17 | R9: 18 | S9: 19
A10: 45659 | B10: MH2501-01 | C10: 45659 | D10: 00000012 | E10: 45659 | F10: XK2501-01 | G10: 45659 | H10: CÔNG TY TNHH SƠN JOTUN VIỆT NAM | I10: SƠN JOTAMASTIC 70 GREY 18L | J10: Lít | K10: 90000 | N10: 1278 | O10: 115020000 | P10: 1278 | Q10: 115020000 | R10: =+L10+N10-P10 | S10: =+M10+O10-Q10
A11: 45659 | B11: MH2501-01 | C11: 45659 | D11: 00000012 | E11: 45659 | F11: XK2501-01 | G11: 45659 | H11: CÔNG TY TNHH SƠN JOTUN VIỆT NAM | I11: SƠN FUTURA CLASSIC RAL 9010 20L | J11: Lít | K11: 155000 | N11: 200 | O11: 31000000 | P11: 200 | Q11: 31000000 | R11: =+L11+N11-P11 | S11: =+M11+O11-Q11
A12: 45659 | B12: MH2501-01 | C12: 45659 | D12: 00000012 | E12: 45659 | F12: XK2501-01 | G12: 45659 | H12: CÔNG TY TNHH SƠN JOTUN VIỆT NAM | I12: SƠN FUTURA CLASSIC RAL9010 4.55L | J12: Lít | K12: 155000 | N12: 27.3 | O12: 4231500 | P12: 27.3 | Q12: 4231500 | R12: =+L12+N12-P12 | S12: =+M12+O12-Q12
A13: 45659 | B13: MH2501-01 | C13: 45659 | D13: 00000012 | E13: 45659 | F13: XK2501-01 | G13: 45659 | H13: CÔNG TY TNHH SƠN JOTUN VIỆT NAM | I13: DUNG MÔI JOTUN THINNER NO. 17 20L | J13: Lít | K13: 60000 | N13: 200 | O13: 12000000 | P13: 200 | Q13: 12000000 | R13: =+L13+N13-P13 | S13: =+M13+O13-Q13
A14: 45659 | B14: MH2501-01 | C14: 45659 | D14: 00000012 | E14: 45659 | F14: XK2501-01 | G14: 45659 | H14: CÔNG TY TNHH SƠN JOTUN VIỆT NAM | I14: DUNG MÔI JOTUN THINNER NO. 10 20L | J14: Lít | K14: 60000 | N14: 180 | O14: 10800000 | P14: 180 | Q14: 10800000 | R14: =+L14+N14-P14 | S14: =+M14+O14-Q14
A15: 45659 | B15: MH2501-01 | C15: 45659 | D15: 00000012 | E15: 45659 | F15: XK2501-01 | G15: 45659 | H15: CÔNG TY TNHH SƠN JOTUN VIỆT NAM | I15: SƠN FUTURA CLASSIC RAL9010 18.22L | J15: Lít | K15: 160000 | N15: 819.9 | O15: 131184000 | P15: 819.9 | Q15: 131184000 | R15: =+L15+N15-P15 | S15: =+M15+O15-Q15
A16: 45659 | B16: MH2501-02 | C16: 45659 | D16: 00000008 | E16: 45659 | F16: XK2501-02 | G16: 45659 | H16: CÔNG TY TNHH SƠN JOTUN VIỆT NAM | I16: SƠN JOTAMASTIC 70 GREY 18L | J16: Lít | K16: 90000 | N16: 396 | O16: 35640000 | P16: 396 | Q16: 35640000 | R16: =+L16+N16-P16 | S16: =+M16+O16-Q16
A17: 45659 | B17: MH2501-02 | C17: 45659 | D17: 00000008 | E17: 45659 | F17: XK2501-02 | G17: 45659 | H17: CÔNG TY TNHH SƠN JOTUN VIỆT NAM | I17: DUNG MÔI JOTUN THINNER NO. 17 20L | J17: Lít | K17: 60000 | N17: 60 | O17: 3600000 | P17: 60 | Q17: 3600000 | R17: =+L17+N17-P17 | S17: =+M17+O17-Q17
A18: 45659 | B18: MH2501-02 | C18: 45659 | D18: 00000008 | E18: 45659 | F18: XK2501-02 | G18: 45659 | H18: CÔNG TY TNHH SƠN JOTUN VIỆT NAM | I18: DUNG MÔI JOTUN THINNER NO. 10 20L | J18: Lít | K18: 60000 | N18: 40 | O18: 2400000 | P18: 40 | Q18: 2400000 | R18: =+L18+N18-P18 | S18: =+M18+O18-Q18
A19: 45659 | B19: MH2501-02 | C19: 45659 | D19: 00000008 | E19: 45659 | F19: XK2501-02 | G19: 45659 | H19: CÔNG TY TNHH SƠN JOTUN VIỆT NAM | I19: SƠN FUTURA CLASSIC RAL7037 19.03L | J19: Lít | K19: 155000 | N19: 228.36 | O19: 35395800 | P19: 228.36 | Q19: 35395800 | R19: =+L19+N19-P19 | S19: =+M19+O19-Q19
A20: 45659 | B20: MH2501-03 | C20: 45659 | D20: 00000001 | E20: 45659 | F20: XK2501-02 | G20: 45659 | H20: CÔNG TY TNHH XNK THÉP KIM NAM | I20: Thép tấm 6lyx1500x6000 | J20: kg | K20: 13981.82 | N20: 32216.4 | O20: 450443847 | P20: 32216.4 | Q20: 450443847 | R20: =+L20+N20-P20 | S20: =+M20+O20-Q20
A21: 45661 | B21: MH2501-06A | C21: 45661 | D21: 00000039 | E21: 45661 | F21: XK2501-04 | G21: 45661 | H21: CÔNG TY CỔ PHẦN CÔNG NGHIỆP VÀ THƯƠNG MẠI CƯỜNG THỊNH | I21: Vít B2 Dacromet 12-14x20 | J21: Cái | K21: 600 | N21: 1400 | O21: 840000 | P21: 1400 | Q21: 840000 | R21: =+L21+N21-P21 | S21: =+M21+O21-Q21
... A252: 45671 | B252: MH2501-33 | C252: 45671 | D252: 00000175 | E252: 45671 | F252: XK2501-20 | G252: 45671 | H252: CÔNG TY CỔ PHẦN CÔNG NGHIỆP VÀ THƯƠNG MẠI CƯỜNG THỊNH | I252: Long đền thường ZP M24B45D2 | J252: Cái | K252: 820 | N252: 227 | O252: 186140 | P252: 227 | Q252: 186140 | R252: =+L252+N252-P252 | S252: =+M252+O252-Q252
A253: 45671 | B253: MH2501-33 | C253: 45671 | D253: 00000176 | E253: 45671 | F253: XK2501-20 | G253: 45671 | H253: CÔNG TY CỔ PHẦN CÔNG NGHIỆP VÀ THƯƠNG MẠI CƯỜNG THỊNH | I253: Ty giằng 2 đầu ren 4.6 ZP M16 | K253: 48000 | N253: 86.46 | O253: 4150080 | P253: 86.46 | Q253: 4150080 | R253: =+L253+N253-P253 | S253: =+M253+O253-Q253
A254: 45671 | B254: MH2501-33 | C254: 45671 | D254: 00000176 | E254: 45671 | F254: XK2501-20 | G254: 45671 | H254: CÔNG TY CỔ PHẦN CÔNG NGHIỆP VÀ THƯƠNG MẠI CƯỜNG THỊNH | I254: Đai ốc Din 934 5 ZP M16 | J254: Cái | K254: 1110 | N254: 24 | O254: 26640 | P254: 24 | Q254: 26640 | R254: =+L254+N254-P254 | S254: =+M254+O254-Q254
A255: 45671 | B255: MH2501-33 | C255: 45671 | D255: 00000176 | E255: 45671 | F255: XK2501-20 | G255: 45671 | H255: CÔNG TY CỔ PHẦN CÔNG NGHIỆP VÀ THƯƠNG MẠI CƯỜNG THỊNH | I255: Long đền thường ZP M16B42D2 | J255: Cái | K255: 800 | N255: 24 | O255: 19200 | P255: 24 | Q255: 19200 | R255: =+L255+N255-P255 | S255: =+M255+O255-Q255
A256: 45671 | B256: MH2501-33 | C256: 45671 | D256: 00000176 | E256: 45671 | F256: XK2501-20 | G256: 45671 | H256: CÔNG TY CỔ PHẦN CÔNG NGHIỆP VÀ THƯƠNG MẠI CƯỜNG THỊNH | I256: Long đền móng ngựa ZP M16 | J256: Cái | K256: 15670 | N256: 24 | O256: 376080 | P256: 24 | Q256: 376080 | R256: =+L256+N256-P256 | S256: =+M256+O256-Q256
A257: 45671 | B257: MH2501-33 | C257: 45671 | D257: 00000176 | E257: 45671 | F257: XK2501-20 | G257: 45671 | H257: CÔNG TY CỔ PHẦN CÔNG NGHIỆP VÀ THƯƠNG MẠI CƯỜNG THỊNH | I257: Nối Ty ZP M16x100 (23mm) | J257: Cái | K257: 24160 | N257: 8 | O257: 193280 | P257: 8 | Q257: 193280 | R257: =+L257+N257-P257 | S257: =+M257+O257-Q257
A258: 45671 | B258: MH2501-33 | C258: 45671 | D258: 00000176 | E258: 45671 | F258: XK2501-20 | G258: 45671 | H258: CÔNG TY CỔ PHẦN CÔNG NGHIỆP VÀ THƯƠNG MẠI CƯỜNG THỊNH | I258: Ty giằng 2 đầu ren 4.6 Ф11.3-11.5mm ZP M12 | K258: 22500 | N258: 41.45 | O258: 932625 | P258: 41.45 | Q258: 932625 | R258: =+L258+N258-P258 | S258: =+M258+O258-Q258
A259: 45671 | B259: MH2501-33 | C259: 45671 | D259: 00000176 | E259: 45671 | F259: XK2501-20 | G259: 45671 | H259: CÔNG TY CỔ PHẦN CÔNG NGHIỆP VÀ THƯƠNG MẠI CƯỜNG THỊNH | I259: Ty giằng 2 đầu ren 4.6 Ф11.3-11.5mm ZP M12 | K259: 24500 | N259: 9.72 | O259: 238140 | P259: 9.72 | Q259: 238140 | R259: =+L259+N259-P259 | S259: =+M259+O259-Q259
A260: 45671 | B260: MH2501-33 | C260: 45671 | D260: 00000176 | E260: 45671 | F260: XK2501-20 | G260: 45671 | H260: CÔNG TY CỔ PHẦN CÔNG NGHIỆP VÀ THƯƠNG MẠI CƯỜNG THỊNH | I260: Đai ốc thường 4 ZP M12 (9mm) | J260: Cái | K260: 360 | N260: 152 | O260: 54720 | P260: 152 | Q260: 54720 | R260: =+L260+N260-P260 | S260: =+M260+O260-Q260
A261: 45671 | B261: MH2501-33 | C261: 45671 | D261: 00000176 | E261: 45671 | F261: XK2501-20 | G261: 45671 | H261: CÔNG TY CỔ PHẦN CÔNG NGHIỆP VÀ THƯƠNG MẠI CƯỜNG THỊNH | I261: Long đền thường ZP M12B26D1.5 | J261: Cái | K261: 190 | N261: 152 | O261: 28880 | P261: 152 | Q261: 28880 | R261: =+L261+N261-P261 | S261: =+M261+O261-Q261
A262: 45671 | B262: MH2501-34 | C262: 45671 | D262: 00000022 | E262: 45671 | F262: XK2501-21 | G262: 45671 | H262: CÔNG TY TNHH HILSET VIỆT NAM | I262: Hóa chất HIT-RE 500 V4 | J262: Gói | K262: 850340 | N262: 40 | O262: 34013600 | P262: 40 | Q262: 34013600 | R262: =+L262+N262-P262 | S262: =+M262+O262-Q262
A263: 45671 | B263: MH2501-35 | C263: 45671 | D263: 00000556 | E263: 45671 | F263: XK2501-22 | G263: 45671 | H263: CÔNG TY TNHH SƠN JOTUN VIỆT NAM | I263: SƠN FUTURA CLASSIC STD0139 18.81L | J263: Thùng | K263: 155000 | N263: 18.81 | O263: 2915550 | P263: 18.81 | Q263: 2915550 | R263: =+L263+N263-P263 | S263: =+M263+O263-Q263
A264: 45671 | B264: MH2501-36 | C264: 45671 | D264: 00000011 | E264: 45671 | F264: XK2501-23 | G264: 45671 | H264: CÔNG TY TNHH XNK THÉP KIM NAM | I264: Thép ống 26.65x2.0x6m - Đen | J264: kg | K264: 16168.67 | N264: 29.16 | O264: 471478 | P264: 29.16 | Q264: 471478 | R264: =+L264+N264-P264 | S264: =+M264+O264-Q264
A265: 45671 | B265: MH2501-36 | C265: 45671 | D265: 00000011 | E265: 45671 | F265: XK2501-23 | G265: 45671 | H265: CÔNG TY TNHH XNK THÉP KIM NAM | I265: Thép ống 42.2x3.0x6m - Đen | J265: kg | K265: 16168.67 | N265: 104.4 | O265: 1688009 | P265: 104.4 | Q265: 1688009 | R265: =+L265+N265-P265 | S265: =+M265+O265-Q265
A266: 45671 | B266: MH2501-36 | C266: 45671 | D266: 00000011 | E266: 45671 | F266: XK2501-23 | G266: 45671 | H266: CÔNG TY TNHH XNK THÉP KIM NAM | I266: Thép Hình I150x75x5x6m | J266: kg | K266: 16805.04 | N266: 84 | O266: 1411623 | P266: 84 | Q266: 1411623 | R266: =+L266+N266-P266 | S266: =+M266+O266-Q266
A267: 45671 | B267: MH2501-36 | C267: 45671 | D267: 00000011 | E267: 45671 | F267: XK2501-23 | G267: 45671 | H267: CÔNG TY TNHH XNK THÉP KIM NAM | I267: Thép hình V50x50x4x6m | J267: kg | K267: 15441.4 | N267: 18 | O267: 277945 | P267: 18 | Q267: 277945 | R267: =+L267+N267-P267 | S267: =+M267+O267-Q267
A268: 45671 | B268: MH2501-36 | C268: 45671 | D268: 00000011 | E268: 45671 | F268: XK2501-23 | G268: 45671 | H268: CÔNG TY TNHH XNK THÉP KIM NAM | I268: Thép hình V63x63x5x6m | J268: kg | K268: 15623.22 | N268: 112 | O268: 1749800 | P268: 112 | Q268: 1749800 | R268: =+L268+N268-P268 | S268: =+M268+O268-Q268
A269: 45671 | B269: MH2501-36 | C269: 45671 | D269: 00000011 | E269: 45671 | F269: XK2501-23 | G269: 45671 | H269: CÔNG TY TNHH XNK THÉP KIM NAM | I269: Hộp vuông 100x100x2.5x6m - Đen | J269: kg | K269: 16168.67 | N269: 593.97 | O269: 9603707 | P269: 593.97 | Q269: 9603707 | R269: =+L269+N269-P269 | S269: =+M269+O269-Q269
A270: 45671 | B270: MH2501-36 | C270: 45671 | D270: 00000011 | E270: 45671 | F270: XK2501-23 | G270: 45671 | H270: CÔNG TY TNHH XNK THÉP KIM NAM | I270: Thép hình U120x47x3.5x6m | J270: kg | K270: 15454.55 | N270: 42 | O270: 649091 | P270: 42 | Q270: 649091 | R270: =+L270+N270-P270 | S270: =+M270+O270-Q270
A271: 45671 | B271: MH2501-36 | C271: 45671 | D271: 00000011 | E271: 45671 | F271: XK2501-23 | G271: 45671 | H271: CÔNG TY TNHH XNK THÉP KIM NAM | I271: Thép hình U250x76x6x12m | J271: kg | K271: 14532.31 | N271: 547.2 | O271: 7952080 | P271: 547.2 | Q271: 7952080 | R271: =+L271+N271-P271 | S271: =+M271+O271-Q271
... A719: 45722 | B719: MH2503-09 | C719: 45722 | D719: 00000654 | E719: 45722 | F719: XK2503-09 | G719: 45722 | H719: CÔNG TY CỔ PHẦN CÔNG NGHIỆP VÀ THƯƠNG MẠI CƯỜNG THỊNH | I719: Ty giằng 2 đầu ren 4.6 ZP M16 | J719: Mét | K719: 48000 | N719: 25.55 | O719: 1226400 | P719: 25.55 | Q719: 1226400 | R719: =+L719+N719-P719 | S719: =+M719+O719-Q719
A720: 45722 | B720: MH2503-09 | C720: 45722 | D720: 00000654 | E720: 45722 | F720: XK2503-09 | G720: 45722 | H720: CÔNG TY CỔ PHẦN CÔNG NGHIỆP VÀ THƯƠNG MẠI CƯỜNG THỊNH | I720: Đai ốc Din 934 5 ZP M16 | J720: Cái | K720: =+O720/N720 | N720: 8 | O720: 8880 | P720: 8 | Q720: 8880 | R720: =+L720+N720-P720 | S720: =+M720+O720-Q720
A721: 45722 | B721: MH2503-09 | C721: 45722 | D721: 00000654 | E721: 45722 | F721: XK2503-09 | G721: 45722 | H721: CÔNG TY CỔ PHẦN CÔNG NGHIỆP VÀ THƯƠNG MẠI CƯỜNG THỊNH | I721: Long đền thường ZP M16B42D2 | J721: Cái | K721: =+O721/N721 | N721: 8 | O721: 6400 | P721: 8 | Q721: 6400 | R721: =+L721+N721-P721 | S721: =+M721+O721-Q721
A722: 45722 | B722: MH2503-09 | C722: 45722 | D722: 00000654 | E722: 45722 | F722: XK2503-09 | G722: 45722 | H722: CÔNG TY CỔ PHẦN CÔNG NGHIỆP VÀ THƯƠNG MẠI CƯỜNG THỊNH | I722: Long đền móng ngựa ZP M16 | J722: Cái | K722: =+O722/N722 | N722: 8 | O722: 125360 | P722: 8 | Q722: 125360 | R722: =+L722+N722-P722 | S722: =+M722+O722-Q722
A723: 45722 | B723: MH2503-09 | C723: 45722 | D723: 00000654 | E723: 45722 | F723: XK2503-09 | G723: 45722 | H723: CÔNG TY CỔ PHẦN CÔNG NGHIỆP VÀ THƯƠNG MẠI CƯỜNG THỊNH | I723: Nối Ty ZP M16x100 (23mm) | J723: Cái | K723: =+O723/N723 | N723: 2 | O723: 48320 | P723: 2 | Q723: 48320 | R723: =+L723+N723-P723 | S723: =+M723+O723-Q723
A724: 45722 | B724: MH2503-09 | C724: 45722 | D724: 00000654 | E724: 45722 | F724: XK2503-09 | G724: 45722 | H724: CÔNG TY CỔ PHẦN CÔNG NGHIỆP VÀ THƯƠNG MẠI CƯỜNG THỊNH | I724: Bulong Din 933 8.8 ZP M16x40 | J724: Cái | K724: =+O724/N724 | N724: 27 | O724: 81810 | P724: 27 | Q724: 81810 | R724: =+L724+N724-P724 | S724: =+M724+O724-Q724
A725: 45722 | B725: MH2503-09 | C725: 45722 | D725: 00000654 | E725: 45722 | F725: XK2503-09 | G725: 45722 | H725: CÔNG TY CỔ PHẦN CÔNG NGHIỆP VÀ THƯƠNG MẠI CƯỜNG THỊNH | I725: Đai ốc Din 934 8 ZP M16 | J725: Cái | K725: =+O725/N725 | N725: 27 | O725: 29430 | P725: 27 | Q725: 29430 | R725: =+L725+N725-P725 | S725: =+M725+O725-Q725
A726: 45722 | B726: MH2503-09 | C726: 45722 | D726: 00000654 | E726: 45722 | F726: XK2503-09 | G726: 45722 | H726: CÔNG TY CỔ PHẦN CÔNG NGHIỆP VÀ THƯƠNG MẠI CƯỜNG THỊNH | I726: Long đền thường ZP M16B30D2 | J726: Cái | K726: =+O726/N726 | N726: 27 | O726: 9450 | P726: 27 | Q726: 9450 | R726: =+L726+N726-P726 | S726: =+M726+O726-Q726
A727: 45722 | B727: MH2503-09 | C727: 45722 | D727: 00000654 | E727: 45722 | F727: XK2503-09 | G727: 45722 | H727: CÔNG TY CỔ PHẦN CÔNG NGHIỆP VÀ THƯƠNG MẠI CƯỜNG THỊNH | I727: Bulong Din 933 8.8 ZP M20x50 | J727: Cái | K727: =+O727/N727 | N727: 29 | O727: 167040 | P727: 29 | Q727: 167040 | R727: =+L727+N727-P727 | S727: =+M727+O727-Q727
A728: 45722 | B728: MH2503-09 | C728: 45722 | D728: 00000654 | E728: 45722 | F728: XK2503-09 | G728: 45722 | H728: CÔNG TY CỔ PHẦN CÔNG NGHIỆP VÀ THƯƠNG MẠI CƯỜNG THỊNH | I728: Đai ốc Din 934 8 ZP M20 | J728: Cái | K728: =+O728/N728 | N728: 29 | O728: 58870 | P728: 29 | Q728: 58870 | R728: =+L728+N728-P728 | S728: =+M728+O728-Q728
A729: 45722 | B729: MH2503-09 | C729: 45722 | D729: 00000654 | E729: 45722 | F729: XK2503-09 | G729: 45722 | H729: CÔNG TY CỔ PHẦN CÔNG NGHIỆP VÀ THƯƠNG MẠI CƯỜNG THỊNH | I729: Long đền thường ZP M20B35D2 | J729: Cái | K729: =+O729/N729 | N729: 29 | O729: 10150 | P729: 29 | Q729: 10150 | R729: =+L729+N729-P729 | S729: =+M729+O729-Q729
A730: 45722 | B730: MH2503-09 | C730: 45722 | D730: 00000654 | E730: 45722 | F730: XK2503-09 | G730: 45722 | H730: CÔNG TY CỔ PHẦN CÔNG NGHIỆP VÀ THƯƠNG MẠI CƯỜNG THỊNH | I730: Bulong Din 933 8.8 ZP M20x60 | J730: Cái | K730: =+O730/N730 | N730: 251 | O730: 1616440 | P730: 251 | Q730: 1616440 | R730: =+L730+N730-P730 | S730: =+M730+O730-Q730
A731: 45722 | B731: MH2503-09 | C731: 45722 | D731: 00000654 | E731: 45722 | F731: XK2503-09 | G731: 45722 | H731: CÔNG TY CỔ PHẦN CÔNG NGHIỆP VÀ THƯƠNG MẠI CƯỜNG THỊNH | I731: Đai ốc Din 934 8 ZP M20 | J731: Cái | K731: =+O731/N731 | N731: 251 | O731: 509530 | P731: 251 | Q731: 509530 | R731: =+L731+N731-P731 | S731: =+M731+O731-Q731
... A751: 45722 | B751: MH2503-09 | C751: 45722 | D751: 00000658 | E751: 45722 | F751: XK2503-10 | G751: 45722 | H751: CÔNG TY CỔ PHẦN CÔNG NGHIỆP VÀ THƯƠNG MẠI CƯỜNG THỊNH | I751: Long đền thường ZP M12B23D1 | J751: Cái | K751: =+O751/N751 | N751: 658 | O751: 65800 | P751: 658 | Q751: 65800 | R751: =+L751+N751-P751 | S751: =+M751+O751-Q751
A752: 45722 | B752: MH2503-10 | C752: 45722 | D752: 00000652 | E752: 45722 | F752: XK2503-11 | G752: 45722 | H752: CÔNG TY CỔ PHẦN CÔNG NGHIỆP VÀ THƯƠNG MẠI CƯỜNG THỊNH | I752: Vít B2 Dacromet 12-14x20 | J752: Cái | K752: 600 | N752: 600 | O752: 360000 | P752: 600 | Q752: 360000 | R752: =+L752+N752-P752 | S752: =+M752+O752-Q752
A753: 45722 | B753: MH2503-10 | C753: 45722 | D753: 00000652 | E753: 45722 | F753: XK2503-11 | G753: 45722 | H753: CÔNG TY CỔ PHẦN CÔNG NGHIỆP VÀ THƯƠNG MẠI CƯỜNG THỊNH | I753: Ty giằng 2 đầu ren 4.6 ZP M16 | J753: Mét | K753: 48000 | N753: 258.6 | O753: 12412800 | P753: 258.6 | Q753: 12412800 | R753: =+L753+N753-P753 | S753: =+M753+O753-Q753
A754: 45722 | B754: MH2503-10 | C754: 45722 | D754: 00000652 | E754: 45722 | F754: XK2503-11 | G754: 45722 | H754: CÔNG TY CỔ PHẦN CÔNG NGHIỆP VÀ THƯƠNG MẠI CƯỜNG THỊNH | I754: Đai ốc Din 934 5 ZP M16 | J754: Cái | K754: 1110 | N754: 140 | O754: 155400 | P754: 140 | Q754: 155400 | R754: =+L754+N754-P754 | S754: =+M754+O754-Q754
A755: 45722 | B755: MH2503-10 | C755: 45722 | D755: 00000652 | E755: 45722 | F755: XK2503-11 | G755: 45722 | H755: CÔNG TY CỔ PHẦN CÔNG NGHIỆP VÀ THƯƠNG MẠI CƯỜNG THỊNH | I755: Long đền thường ZP M16B42D2 | J755: Cái | K755: 800 | N755: 140 | O755: 112000 | P755: 140 | Q755: 112000 | R755: =+L755+N755-P755 | S755: =+M755+O755-Q755
A756: 45722 | B756: MH2503-10 | C756: 45722 | D756: 00000652 | E756: 45722 | F756: XK2503-11 | G756: 45722 | H756: CÔNG TY CỔ PHẦN CÔNG NGHIỆP VÀ THƯƠNG MẠI CƯỜNG THỊNH | I756: Long đền móng ngựa ZP M16 | J756: Cái | K756: 15670 | N756: 140 | O756: 2193800 | P756: 140 | Q756: 2193800 | R756: =+L756+N756-P756 | S756: =+M756+O756-Q756
A757: 45722 | B757: MH2503-10 | C757: 45722 | D757: 00000652 | E757: 45722 | F757: XK2503-11 | G757: 45722 | H757: CÔNG TY CỔ PHẦN CÔNG NGHIỆP VÀ THƯƠNG MẠI CƯỜNG THỊNH | I757: Bulong Din 933 8.8 ZP M16x40 | J757: Cái | K757: 3030 | N757: 690 | O757: 2090700 | P757: 690 | Q757: 2090700 | R757: =+L757+N757-P757 | S757: =+M757+O757-Q757
A758: 45722 | B758: MH2503-10 | C758: 45722 | D758: 00000652 | E758: 45722 | F758: XK2503-11 | G758: 45722 | H758: CÔNG TY CỔ PHẦN CÔNG NGHIỆP VÀ THƯƠNG MẠI CƯỜNG THỊNH | I758: Đai ốc Din 934 8 ZP M16 | J758: Cái | K758: 1090 | N758: 690 | O758: 752100 | P758: 690 | Q758: 752100 | R758: =+L758+N758-P758 | S758: =+M758+O758-Q758
A759: 45722 | B759: MH2503-10 | C759: 45722 | D759: 00000652 | E759: 45722 | F759: XK2503-11 | G759: 45722 | H759: CÔNG TY CỔ PHẦN CÔNG NGHIỆP VÀ THƯƠNG MẠI CƯỜNG THỊNH | I759: Long đền thường ZP M16B30D2 | J759: Cái | K759: 350 | N759: 690 | O759: 241500 | P759: 690 | Q759: 241500 | R759: =+L759+N759-P759 | S759: =+M759+O759-Q759
A760: 45722 | B760: MH2503-10 | C760: 45722 | D760: 00000652 | E760: 45722 | F760: XK2503-11 | G760: 45722 | H760: CÔNG TY CỔ PHẦN CÔNG NGHIỆP VÀ THƯƠNG MẠI CƯỜNG THỊNH | I760: Bulong Din 933 8.8 ZP M16x50 | J760: Cái | K760: 3470 | N760: 35 | O760: 121450 | P760: 35 | Q760: 121450 | R760: =+L760+N760-P760 | S760: =+M760+O760-Q760
A761: 45722 | B761: MH2503-10 | C761: 45722 | D761: 00000652 | E761: 45722 | F761: XK2503-11 | G761: 45722 | H761: CÔNG TY CỔ PHẦN CÔNG NGHIỆP VÀ THƯƠNG MẠI CƯỜNG THỊNH | I761: Đai ốc Din 934 8 ZP M16 | J761: Cái | K761: 1090 | N761: 35 | O761: 38150 | P761: 35 | Q761: 38150 | R761: =+L761+N761-P761 | S761: =+M761+O761-Q761
A762: 45722 | B762: MH2503-10 | C762: 45722 | D762: 00000652 | E762: 45722 | F762: XK2503-11 | G762: 45722 | H762: CÔNG TY CỔ PHẦN CÔNG NGHIỆP VÀ THƯƠNG MẠI CƯỜNG THỊNH | I762: Long đền thường ZP M16B30D2 | J762: Cái | K762: 350 | N762: 35 | O762: 12250 | P762: 35 | Q762: 12250 | R762: =+L762+N762-P762 | S762: =+M762+O762-Q762
A763: 45722 | B763: MH2503-10 | C763: 45722 | D763: 00000652 | E763: 45722 | F763: XK2503-11 | G763: 45722 | H763: CÔNG TY CỔ PHẦN CÔNG NGHIỆP VÀ THƯƠNG MẠI CƯỜNG THỊNH | I763: Bulong Din 933 8.8 ZP M20x50 | J763: Cái | K763: 5760 | N763: 260 | O763: 1497600 | P763: 260 | Q763: 1497600 | R763: =+L763+N763-P763 | S763: =+M763+O763-Q763
... A1975: 45828 | B1975: MH2506-44 | C1975: 45828 | D1975: 00001149 | E1975: 45828 | F1975: XK2506-24 | G1975: 45828 | H1975: CÔNG TY TNHH DỊCH VỤ - THƯƠNG MẠI THÉP THIÊN LONG | I1975: Thép tấm 16ly | J1975: kg | K1975: 14363.63 | N1975: 21100.8 | O1975: 303084084 | P1975: 21100.8 | Q1975: 303084084 | R1975: =+L1975+N1975-P1975 | S1975: =+M1975+O1975-Q1975
A1976: 45828 | B1976: MH2506-44 | C1976: 45828 | D1976: 00001149 | E1976: 45828 | F1976: XK2506-24 | G1976: 45828 | H1976: CÔNG TY TNHH DỊCH VỤ - THƯƠNG MẠI THÉP THIÊN LONG | I1976: Thép tấm 20ly | J1976: kg | K1976: 14363.63 | N1976: 195936 | O1976: 2814357462 | P1976: 195936 | Q1976: 2814357462 | R1976: =+L1976+N1976-P1976 | S1976: =+M1976+O1976-Q1976 | T1976: s | U1976: 2.2367187e+08
A1977: 45828 | B1977: MH2506-44 | C1977: 45828 | D1977: 00001149 | E1977: 45828 | F1977: XK2506-24 | G1977: 45828 | H1977: CÔNG TY TNHH DỊCH VỤ - THƯƠNG MẠI THÉP THIÊN LONG | I1977: Thép tấm 25ly | J1977: kg | K1977: 14363.63 | N1977: 84780 | O1977: 1217748551 | P1977: 84780 | Q1977: 1217748551 | R1977: =+L1977+N1977-P1977 | S1977: =+M1977+O1977-Q1977 | U1977: =+Q1976/P1976
A1978: 45828 | B1978: MH2506-44 | C1978: 45828 | D1978: 00001149 | E1978: 45828 | F1978: XK2506-24 | G1978: 45828 | H1978: CÔNG TY TNHH DỊCH VỤ - THƯƠNG MẠI THÉP THIÊN LONG | I1978: Thép tấm 30ly | J1978: kg | K1978: 14363.63 | N1978: 28260 | O1978: 405916184 | P1978: 28260 | Q1978: 405916184 | R1978: =+L1978+N1978-P1978 | S1978: =+M1978+O1978-Q1978 | U1978: =+U1976/U1977
A1979: 45828 | B1979: MH2506-44 | C1979: 45828 | D1979: 00001149 | E1979: 45828 | F1979: XK2506-24 | G1979: 45828 | H1979: CÔNG TY TNHH DỊCH VỤ - THƯƠNG MẠI THÉP THIÊN LONG | I1979: Thép tấm 35ly | J1979: kg | K1979: 14363.63 | N1979: 6594 | O1979: 94713776 | P1979: 6594 | Q1979: 94713776 | R1979: =+L1979+N1979-P1979 | S1979: =+M1979+O1979-Q1979 | U1979: =+P1976-U1978
A1980: 45829 | B1980: MH2506-45 | C1980: 45829 | D1980: 00002330 | E1980: 45829 | F1980: XK2506-25 | G1980: 45829 | H1980: CÔNG TY CỔ PHẦN CÔNG NGHIỆP VÀ THƯƠNG MẠI CƯỜNG THỊNH | I1980: Cáp Ф19.5 6x36+IWRC M20 | J1980: Mét | K1980: 99000 | N1980: 25.6 | O1980: 2534400 | P1980: 25.6 | Q1980: 2534400 | R1980: =+L1980+N1980-P1980 | S1980: =+M1980+O1980-Q1980 | U1980: =+O1976-U1976
A1981: 45829 | B1981: MH2506-45 | C1981: 45829 | D1981: 00002330 | E1981: 45829 | F1981: XK2506-25 | G1981: 45829 | H1981: CÔNG TY CỔ PHẦN CÔNG NGHIỆP VÀ THƯƠNG MẠI CƯỜNG THỊNH | I1981: Chì (bấm) M20 | J1981: Cái | K1981: 100000 | N1981: 4 | O1981: 400000 | P1981: 4 | Q1981: 400000 | R1981: =+L1981+N1981-P1981 | S1981: =+M1981+O1981-Q1981
A1982: 45829 | B1982: MH2506-45 | C1982: 45829 | D1982: 00002330 | E1982: 45829 | F1982: XK2506-25 | G1982: 45829 | H1982: CÔNG TY CỔ PHẦN CÔNG NGHIỆP VÀ THƯƠNG MẠI CƯỜNG THỊNH | I1982: Dịch vụ vận chuyển | J1982: Lần | K1982: 500000 | N1982: 1 | O1982: 500000 | P1982: 1 | Q1982: 500000 | R1982: =+L1982+N1982-P1982 | S1982: =+M1982+O1982-Q1982
A1983: 45832 | B1983: MH2506-46 | C1983: 45832 | D1983: 00003385 | E1983: 45832 | F1983: XK2506-26 | G1983: 45832 | H1983: Công Ty TNHH Đầu Tư Thương Mại Dịch Vụ Việt Tiến Phát | I1983: Thép hộp 50x50x1.8x6m | J1983: kg | K1983: 16827.84 | N1983: 4866 | O1983: 81884269 | P1983: 4866 | Q1983: 81884269 | R1983: =+L1983+N1983-P1983 | S1983: =+M1983+O1983-Q1983
A1984: 45832 | B1984: MH2506-46 | C1984: 45832 | D1984: 00003385 | E1984: 45832 | F1984: XK2506-26 | G1984: 45832 | H1984: Công Ty TNHH Đầu Tư Thương Mại Dịch Vụ Việt Tiến Phát | I1984: Thép hộp 150x150x4.5x6m | J1984: kg | K1984: 16555.11 | N1984: 490.5 | O1984: 8120281 | P1984: 490.5 | Q1984: 8120281 | R1984: =+L1984+N1984-P1984 | S1984: =+M1984+O1984-Q1984
A1985: 45832 | B1985: MH2506-46 | C1985: 45832 | D1985: 00003385 | E1985: 45832 | F1985: XK2506-26 | G1985: 45832 | H1985: Công Ty TNHH Đầu Tư Thương Mại Dịch Vụ Việt Tiến Phát | I1985: Thép hộp 200x200x4.0x6m | J1985: kg | K1985: 16827.84 | N1985: 1765.2 | O1985: 29704503 | P1985: 1765.2 | Q1985: 29704503 | R1985: =+L1985+N1985-P1985 | S1985: =+M1985+O1985-Q1985
A1986: 45833 | B1986: MH2506-47 | C1986: 45833 | D1986: 00001176 | E1986: 45833 | F1986: XK2506-27 | G1986: 45833 | H1986: CÔNG TY TNHH DỊCH VỤ - THƯƠNG MẠI THÉP THIÊN LONG | I1986: Thép hộp 50x100 | J1986: kg | K1986: 16090.9 | N1986: 22176 | O1986: 356832000 | P1986: 22176 | Q1986: 356832000 | R1986: =+L1986+N1986-P1986 | S1986: =+M1986+O1986-Q1986
A1987: 45834 | B1987: MH2506-50 | C1987: 45834 | D1987: 00005694 | E1987: 45834 | F1987: XK2506-28 | G1987: 45834 | H1987: CÔNG TY TNHH SƠN JOTUN VIỆT NAM | I1987: SƠN JOTAMASTIC 70 GREY 18L | J1987: Lít | K1987: 90000 | N1987: 522 | O1987: 46980000 | P1987: 522 | Q1987: 46980000 | R1987: =+L1987+N1987-P1987 | S1987: =+M1987+O1987-Q1987
A1988: 45834 | B1988: MH2506-50 | C1988: 45834 | D1988: 00005694 | E1988: 45834 | F1988: XK2506-28 | G1988: 45834 | H1988: CÔNG TY TNHH SƠN JOTUN VIỆT NAM | I1988: SƠN FUTURA CLASSIC STD 9911 18.29L | J1988: Lít | K1988: 155000 | N1988: 512.12 | O1988: 79378600 | P1988: 512.12 | Q1988: 79378600 | R1988: =+L1988+N1988-P1988 | S1988: =+M1988+O1988-Q1988
A1989: 45834 | B1989: MH2506-50 | C1989: 45834 | D1989: 00005694 | E1989: 45834 | F1989: XK2506-28 | G1989: 45834 | H1989: CÔNG TY TNHH SƠN JOTUN VIỆT NAM | I1989: DUNG MÔI JOTUN THINNER NO. 17 20L | J1989: Lít | K1989: 60000 | N1989: 80 | O1989: 4800000 | P1989: 80 | Q1989: 4800000 | R1989: =+L1989+N1989-P1989 | S1989: =+M1989+O1989-Q1989
A1990: 45834 | B1990: MH2506-50 | C1990: 45834 | D1990: 00005694 | E1990: 45834 | F1990: XK2506-28 | G1990: 45834 | H1990: CÔNG TY TNHH SƠN JOTUN VIỆT NAM | I1990: DUNG MÔI JOTUN THINNER NO. 10 20L | J1990: Lít | K1990: 60000 | N1990: 80 | O1990: 4800000 | P1990: 80 | Q1990: 4800000 | R1990: =+L1990+N1990-P1990 | S1990: =+M1990+O1990-Q1990
A1991: 45834 | B1991: MH2506-51 | C1991: 45834 | D1991: 103 | E1991: 45834 | F1991: XK2506-29 | G1991: 45834 | H1991: CÔNG TY TNHH THƯƠNG MẠI DỊCH VỤ SẢN XUẤT HOÀNG CƯ | I1991: Cung cấp cửa cuốn | J1991: Bộ | K1991: 12972620 | N1991: 1 | O1991: 12972620 | P1991: 1 | Q1991: 12972620 | R1991: =+L1991+N1991-P1991 | S1991: =+M1991+O1991-Q1991
A1992: 45836 | B1992: MH2506-53 | C1992: 45836 | D1992: 00002458 | E1992: 45836 | F1992: XK2506-30 | G1992: 45836 | H1992: CÔNG TY CỔ PHẦN CÔNG NGHIỆP VÀ THƯƠNG MẠI CƯỜNG THỊNH | I1992: Bulong Din 933 8.8 ZP M20x50 | J1992: Cái | K1992: 5760 | N1992: 20 | O1992: 115200 | P1992: 20 | Q1992: 115200 | R1992: =+L1992+N1992-P1992 | S1992: =+M1992+O1992-Q1992
... A2006: 45838 | B2006: MH2506-55 | C2006: 45838 | D2006: 00003507 | E2006: 45838 | F2006: XK2506-31 | G2006: 45838 | H2006: CÔNG TY TNHH MTV SẢN XUẤT THƯƠNG MẠI DỊCH VỤ THANH HUYỀN | I2006: Thép lá mạ | J2006: kg | K2006: 18018.11 | N2006: 1500 | O2006: 27027164 | P2006: 1500 | Q2006: 27027164 | R2006: =+L2006+N2006-P2006 | S2006: =+M2006+O2006-Q2006
A2007: 45840 | B2007: MH2505-33A | C2007: 45840 | D2007: 45840 | E2007: 34699568 | F2007: XK2507-01 | G2007: 45840 | H2007: Jiujiang Group Co., Limited | I2007: Steel Plate 90*2000*9400 (mm) | J2007: Kg | K2007: 15938.69 | N2007: 236400 | O2007: 3953511048 | P2007: 236400 | Q2007: 3953511048 | R2007: =+L2007+N2007-P2007 | S2007: =+M2007+O2007-Q2007
A2008: 45840 | B2008: MH2507-02 | C2008: 45840 | D2008: 45840 | E2008: 00002487 | F2008: XK2507-02 | G2008: 45840 | H2008: CÔNG TY CỔ PHẦN CÔNG NGHIỆP VÀ THƯƠNG MẠI CƯỜNG THỊNH | I2008: Bulong B A325M Type 1 ZP M16x50(50) | J2008: Cái | K2008: 5250 | N2008: 49 | O2008: 257250 | P2008: 49 | Q2008: 257250 | R2008: =+L2008+N2008-P2008 | S2008: =+M2008+O2008-Q2008
A2009: 45840 | B2009: MH2507-02 | C2009: 45840 | D2009: 45840 | E2009: 00002487 | F2009: XK2507-03 | G2009: 45840 | H2009: CÔNG TY CỔ PHẦN CÔNG NGHIỆP VÀ THƯƠNG MẠI CƯỜNG THỊNH | I2009: H/H N A563M 10 ZP M16 | J2009: Cái | K2009: 2420 | N2009: 49 | O2009: 118580 | P2009: 49 | Q2009: 118580 | R2009: =+L2009+N2009-P2009 | S2009: =+M2009+O2009-Q2009
A2010: 45840 | B2010: MH2507-02 | C2010: 45840 | D2010: 45840 | E2010: 00002487 | F2010: XK2507-03 | G2010: 45840 | H2010: CÔNG TY CỔ PHẦN CÔNG NGHIỆP VÀ THƯƠNG MẠI CƯỜNG THỊNH | I2010: Long đền F436M Type 1 ZP M16 | J2010: Cái | K2010: 830 | N2010: 49 | O2010: 40670 | P2010: 49 | Q2010: 40670 | R2010: =+L2010+N2010-P2010 | S2010: =+M2010+O2010-Q2010
A2011: 45840 | B2011: MH2507-02 | C2011: 45840 | D2011: 45840 | E2011: 00002487 | F2011: XK2507-03 | G2011: 45840 | H2011: CÔNG TY CỔ PHẦN CÔNG NGHIỆP VÀ THƯƠNG MẠI CƯỜNG THỊNH | I2011: Bulong A325M Type 1 ZP M16x60(60) | J2011: Cái | K2011: 5780 | N2011: 74 | O2011: 427720 | P2011: 74 | Q2011: 427720 | R2011: =+L2011+N2011-P2011 | S2011: =+M2011+O2011-Q2011
A2012: 45840 | B2012: MH2507-02 | C2012: 45840 | D2012: 45840 | E2012: 00002487 | F2012: XK2507-03 | G2012: 45840 | H2012: CÔNG TY CỔ PHẦN CÔNG NGHIỆP VÀ THƯƠNG MẠI CƯỜNG THỊNH | I2012: H/H N A563M 10 ZP M16 | J2012: Cái | K2012: 2420 | N2012: 74 | O2012: 179080 | P2012: 74 | Q2012: 179080 | R2012: =+L2012+N2012-P2012 | S2012: =+M2012+O2012-Q2012
A2013: 45840 | B2013: MH2507-02 | C2013: 45840 | D2013: 45840 | E2013: 00002487 | F2013: XK2507-03 | G2013: 45840 | H2013: CÔNG TY CỔ PHẦN CÔNG NGHIỆP VÀ THƯƠNG MẠI CƯỜNG THỊNH | I2013: Long đền F436M Type 1 ZP M16 | J2013: Cái | K2013: 830 | N2013: 74 | O2013: 61420 | P2013: 74 | Q2013: 61420 | R2013: =+L2013+N2013-P2013 | S2013: =+M2013+O2013-Q2013
A2014: 45840 | B2014: MH2507-02 | C2014: 45840 | D2014: 45840 | E2014: 00002487 | F2014: XK2507-03 | G2014: 45840 | H2014: CÔNG TY CỔ PHẦN CÔNG NGHIỆP VÀ THƯƠNG MẠI CƯỜNG THỊNH | I2014: Bulong B A325M Type 1 ZP M16x180(180) | J2014: Cái | K2014: 13580 | N2014: 264 | O2014: 3585120 | P2014: 264 | Q2014: 3585120 | R2014: =+L2014+N2014-P2014 | S2014: =+M2014+O2014-Q2014
A2015: 45840 | B2015: MH2507-02 | C2015: 45840 | D2015: 45840 | E2015: 00002487 | F2015: XK2507-03 | G2015: 45840 | H2015: CÔNG TY CỔ PHẦN CÔNG NGHIỆP VÀ THƯƠNG MẠI CƯỜNG THỊNH | I2015: H/H N A563M 10 ZP M16 | J2015: Cái | K2015: 2420 | N2015: 264 | O2015: 638880 | P2015: 264 | Q2015: 638880 | R2015: =+L2015+N2015-P2015 | S2015: =+M2015+O2015-Q2015
A2016: 45840 | B2016: MH2507-02 | C2016: 45840 | D2016: 45840 | E2016: 00002487 | F2016: XK2507-03 | G2016: 45840 | H2016: CÔNG TY CỔ PHẦN CÔNG NGHIỆP VÀ THƯƠNG MẠI CƯỜNG THỊNH | I2016: Long đền F436M Type 1 ZP M16 | J2016: Cái | K2016: 830 | N2016: 264 | O2016: 219120 | P2016: 264 | Q2016: 219120 | R2016: =+L2016+N2016-P2016 | S2016: =+M2016+O2016-Q2016
A2017: 45840 | B2017: MH2507-02 | C2017: 45840 | D2017: 45840 | E2017: 00002487 | F2017: XK2507-03 | G2017: 45840 | H2017: CÔNG TY CỔ PHẦN CÔNG NGHIỆP VÀ THƯƠNG MẠI CƯỜNG THỊNH | I2017: Bulong B A325M Type 1 ZP M24x80(80) | J2017: Cái | K2017: 18000 | N2017: 132 | O2017: 2376000 | P2017: 132 | Q2017: 2376000 | R2017: =+L2017+N2017-P2017 | S2017: =+M2017+O2017-Q2017
A2018: 45840 | B2018: MH2507-02 | C2018: 45840 | D2018: 45840 | E2018: 00002487 | F2018: XK2507-03 | G2018: 45840 | H2018: CÔNG TY CỔ PHẦN CÔNG NGHIỆP VÀ THƯƠNG MẠI CƯỜNG THỊNH | I2018: H/H N A563M 10 ZP M24 | J2018: Cái | K2018: 8540 | N2018: 132 | O2018: 1127280 | P2018: 132 | Q2018: 1127280 | R2018: =+L2018+N2018-P2018 | S2018: =+M2018+O2018-Q2018
... A2413: 45869 | B2413: MH2507-70 | C2413: 45869 | D2413: 45869 | E2413: 587 | F2413: XK2507-42 | G2413: 45869 | H2413: CÔNG TY TNHH SẢN XUẤT THƯƠNG MẠI PHÁT TRIỂN TIẾN THÀNH | I2413: Co 45 PVC-U dn140-PN6 | J2413: Bộ | K2413: 64750 | N2413: 3 | O2413: 194250 | P2413: 3 | Q2413: 194250 | R2413: =+L2413+N2413-P2413 | S2413: =+M2413+O2413-Q2413
A2414: 45870 | B2414: MH2508-01 | C2414: 45870 | D2414: 00000337 | E2414: 45870 | F2414: XK2508-01 | G2414: 45870 | H2414: CÔNG TY TNHH TÂN MỸ HẠNH | I2414: Thép dày mạ kẽm | J2414: kg | K2414: 22696 | N2414: 44.4627 | O2414: 1009125 | P2414: 44.4627 | Q2414: 1009125 | R2414: =+L2414+N2414-P2414 | S2414: =+M2414+O2414-Q2414
A2415: 45870 | B2415: MH2508-01 | C2415: 45870 | D2415: 00000337 | E2415: 45870 | F2415: XK2508-01 | G2415: 45870 | H2415: CÔNG TY TNHH TÂN MỸ HẠNH | I2415: Xà gồ kẽm C | J2415: kg | K2415: 18971 | N2415: 43.32 | O2415: 821824 | P2415: 43.32 | Q2415: 821824 | R2415: =+L2415+N2415-P2415 | S2415: =+M2415+O2415-Q2415
A2416: 45870 | B2416: MH2508-02 | C2416: 45870 | D2416: 266 | E2416: 45870 | F2416: XK2508-02 | G2416: 45870 | H2416: CÔNG TY TNHH VẬT LIỆU XÂY DỰNG THÉP SÔNG HỒNG HÀ | I2416: Tôn nhựa 5 sóng ASA 2.5mm | J2416: Bộ | K2416: 76999.3 | N2416: 258.39 | O2416: 19895849 | P2416: 258.39 | Q2416: 19895849 | R2416: =+L2416+N2416-P2416 | S2416: =+M2416+O2416-Q2416
...

Sheet Tổng hợp 154
A1: CÔNG TY CỔ PHẦN KẾT CẤU THÉP STEELTECH
A2: MST: 0319777888
A4: BẢNG XUẤT NHẬP TỒN SẢN PHẨM DỞ DANG THEO TỪNG CÔNG TRÌNH
A5: Kỳ hoàn thuế 01/2025-12/2025
A8: Mã dự án | B8: Tên dự án | C8: Đầu kỳ | D8: Phát sinh nợ | E8: Phát sinh có | F8: Cuối kỳ
A9: 12-24 | B9: Scotland Cold Storage | C9: 577544137 | D9: 4536751540 | E9: 5114295677 | F9: =+C9+D9-E9
A10: 11-24 | B10: Polyland Distribution Center | C10: 29578184 | D10: 808295652 | E10: 837873836 | F10: =+C10+D10-E10
A11: 28-24 | B11: GARAGE IN INSULAR VILLAGE | C11: 94489529 | D11: 534653830 | E11: 629143359 | F11: =+C11+D11-E11
A12: 27-24 | B12: GLAN TRANSPORTATION TERMINAL | C12: 47244460 | D12: 656410416 | E12: 703654876 | F12: =+C12+D12-E12
A13: 04-25 | B13: WAREHOUSE 1500SQM | C13: 0 | D13: 1038023798 | E13: 1038023798 | F13: =+C13+D13-E13
A14: 05-24 | B14: 2 Unit Building Warehouse | C14: 2898268879 | D14: 8904594888 | E14: 11802863767 | F14: =+C14+D14-E14
A15: 02-24 | B15: Polylite Tanza Warehouse | C15: 5.4682849e+08 | D15: 2277724486 | E15: 2824552972 | F15: =+C15+D15-E15
A16: 06-25 | B16: STRUMMS RENOVATION | C16: 0 | D16: 673147381 | E16: 673147381 | F16: =+C16+D16-E16
A17: 05-25 | B17: ONE STOREY | C17: 0 | D17: 381716393 | E17: 381716393 | F17: =+C17+D17-E17
A18: 19-24 | B18: Medija Residence | C18: 57780000 | D18: 8830851900 | E18: 8888631900 | F18: =+C18+D18-E18
A19: 02-25 | B19: KALINISAN COMMERCIAL BUILDING | C19: 0 | D19: 1499225883 | E19: 1499225883 | F19: =+C19+D19-E19
A20: 32-24 | B20: RMM DRY WAREHOUSE | C20: 913784390 | D20: 413219770 | E20: 1327004160 | F20: =+C20+D20-E20
... A39: 15-25 | B39: Batangas City South Sports Development Center | C39: 0 | D39: 2079655375 | E39: 2079655375 | F39: =+C39+D39-E39
A40: 24-25 | B40: NISU | D40: 3129617086 | E40: 3129617086 | F40: =+C40+D40-E40
A41: 25-25 | B41: DIAMOND APARTMENT BUILDING | D41: 612649302 | E41: 612649302 | F41: =+C41+D41-E41
A42: 17-25 | B42: MATUTUM PINES MEDICAL CENTER | D42: 1534258493 | E42: 1534258493 | F42: =+C42+D42-E42
A43: 30-25 | B43: TOYOTA HANGAR | D43: 627529295 | E43: 627529295 | F43: =+C43+D43-E43
A44: 28-25 | B44: TOYOTA CPD EXPANSION | D44: 7170769548 | E44: 7170769548 | F44: =+C44+D44-E44
A45: 32-25 | B45: NIKE OUTLET IN SUBIC | D45: 5675112206 | E45: 5675112206 | F45: =+C45+D45-E45
A46: 31-25 | B46: PROPOSED THREE STOREY STEEL PARKING | D46: 1625192407 | E46: 1625192407 | F46: =+C46+D46-E46
A47: 29-25 | B47: CEBU DRY WAREHOUSE | D47: 2570437536 | E47: 2570437536 | F47: =+C47+D47-E47
A48: 37-25 | B48: Tacurong Bonifacio Pubic market | D48: 6577244477 | E48: 6577244477 | F48: =+C48+D48-E48
A49: 35-25 | B49: Kanthararak Project | D49: 771127264 | E49: 771127264 | F49: =+C49+D49-E49
A50: 34-25 | B50: SMX Extension | D50: 19719228234 | E50: 19719228234 | F50: =+C50+D50-E50
A51: 42-25 | B51: SUPPORT FRAME | D51: 287481338 | E51: 287481338 | F51: =+C51+D51-E51
A52: 39-25 | B52: SM City Sto. Tomas Expansion | D52: 1471492473 | E52: 0 | F52: =+C52+D52-E52
B53: Tổng | C53: =SUM(C9:C52) | D53: =SUM(D9:D52) | E53: =SUM(E9:E52) | F53: =SUM(F9:F52)
F56: Giám Đốc
F63: Nguyễn Văn Steeltech

Sheet Tổng hợp NVL
A1: CÔNG TY CỔ PHẦN KẾT CẤU THÉP STEELTECH
A2: MST: 0319777888
A4: BẢNG XUẤT NHẬP TỒN NGUYÊN VẬT LIỆU
A5: Kỳ hoàn thuế 01/2025-12/2025
A8: Tên hàng | B8: ĐVT | C8: Tồn đầu kỳ | E8: Nhập trong kỳ | G8: Xuất trong kỳ | I8: Tồn cuối kỳ
C9: Số lượng | D9: Thành tiền | E9: Số lượng | F9: Thành tiền | G9: Số lượng | H9: Thành tiền | I9: Số lượng | J9: Thành tiền
A10: 1 | B10: 2 | C10: 4 | D10: 5 | E10: 6 | F10: 7 | G10: 8 | H10: 9 | I10: 10 | J10: p
A11: {=+_xlfn.UNIQUE('Chi tiết NVL'!I10:I4158)} | B11: =+VLOOKUP(A11,'Chi tiết NVL'!$I$10:$J$4158,2,0) | C11: =+SUMIF('Chi tiết NVL'!$I:$I,$A11,'Chi tiết NVL'!L:L) | D11: =+SUMIF('Chi tiết NVL'!$I:$I,$A11,'Chi tiết NVL'!M:M) | E11: =+SUMIF('Chi tiết NVL'!$I:$I,$A11,'Chi tiết NVL'!N:N) | F11: =+SUMIF('Chi tiết NVL'!$I:$I,$A11,'Chi tiết NVL'!O:O) | G11: =+SUMIF('Chi tiết NVL'!$I:$I,$A11,'Chi tiết NVL'!P:P) | H11: =+SUMIF('Chi tiết NVL'!$I:$I,$A11,'Chi tiết NVL'!Q:Q) | I11: =+SUMIF('Chi tiết NVL'!$I:$I,$A11,'Chi tiết NVL'!R:R) | J11: =+SUMIF('Chi tiết NVL'!$I:$I,$A11,'Chi tiết NVL'!S:S)
A12: SƠN FUTURA CLASSIC RAL 9010 20L | B12: =+VLOOKUP(A12,'Chi tiết NVL'!$I$10:$J$4158,2,0) | C12: =+SUMIF('Chi tiết NVL'!$I:$I,$A12,'Chi tiết NVL'!L:L) | D12: =+SUMIF('Chi tiết NVL'!$I:$I,$A12,'Chi tiết NVL'!M:M) | E12: =+SUMIF('Chi tiết NVL'!$I:$I,$A12,'Chi tiết NVL'!N:N) | F12: =+SUMIF('Chi tiết NVL'!$I:$I,$A12,'Chi tiết NVL'!O:O) | G12: =+SUMIF('Chi tiết NVL'!$I:$I,$A12,'Chi tiết NVL'!P:P) | H12: =+SUMIF('Chi tiết NVL'!$I:$I,$A12,'Chi tiết NVL'!Q:Q) | I12: =+SUMIF('Chi tiết NVL'!$I:$I,$A12,'Chi tiết NVL'!R:R) | J12: =+SUMIF('Chi tiết NVL'!$I:$I,$A12,'Chi tiết NVL'!S:S)
A13: SƠN FUTURA CLASSIC RAL9010 4.55L | B13: =+VLOOKUP(A13,'Chi tiết NVL'!$I$10:$J$4158,2,0) | C13: =+SUMIF('Chi tiết NVL'!$I:$I,$A13,'Chi tiết NVL'!L:L) | D13: =+SUMIF('Chi tiết NVL'!$I:$I,$A13,'Chi tiết NVL'!M:M) | E13: =+SUMIF('Chi tiết NVL'!$I:$I,$A13,'Chi tiết NVL'!N:N) | F13: =+SUMIF('Chi tiết NVL'!$I:$I,$A13,'Chi tiết NVL'!O:O) | G13: =+SUMIF('Chi tiết NVL'!$I:$I,$A13,'Chi tiết NVL'!P:P) | H13: =+SUMIF('Chi tiết NVL'!$I:$I,$A13,'Chi tiết NVL'!Q:Q) | I13: =+SUMIF('Chi tiết NVL'!$I:$I,$A13,'Chi tiết NVL'!R:R) | J13: =+SUMIF('Chi tiết NVL'!$I:$I,$A13,'Chi tiết NVL'!S:S)
A14: DUNG MÔI JOTUN THINNER NO. 17 20L | B14: =+VLOOKUP(A14,'Chi tiết NVL'!$I$10:$J$4158,2,0) | C14: =+SUMIF('Chi tiết NVL'!$I:$I,$A14,'Chi tiết NVL'!L:L) | D14: =+SUMIF('Chi tiết NVL'!$I:$I,$A14,'Chi tiết NVL'!M:M) | E14: =+SUMIF('Chi tiết NVL'!$I:$I,$A14,'Chi tiết NVL'!N:N) | F14: =+SUMIF('Chi tiết NVL'!$I:$I,$A14,'Chi tiết NVL'!O:O) | G14: =+SUMIF('Chi tiết NVL'!$I:$I,$A14,'Chi tiết NVL'!P:P) | H14: =+SUMIF('Chi tiết NVL'!$I:$I,$A14,'Chi tiết NVL'!Q:Q) | I14: =+SUMIF('Chi tiết NVL'!$I:$I,$A14,'Chi tiết NVL'!R:R) | J14: =+SUMIF('Chi tiết NVL'!$I:$I,$A14,'Chi tiết NVL'!S:S)
A15: DUNG MÔI JOTUN THINNER NO. 10 20L | B15: =+VLOOKUP(A15,'Chi tiết NVL'!$I$10:$J$4158,2,0) | C15: =+SUMIF('Chi tiết NVL'!$I:$I,$A15,'Chi tiết NVL'!L:L) | D15: =+SUMIF('Chi tiết NVL'!$I:$I,$A15,'Chi tiết NVL'!M:M) | E15: =+SUMIF('Chi tiết NVL'!$I:$I,$A15,'Chi tiết NVL'!N:N) | F15: =+SUMIF('Chi tiết NVL'!$I:$I,$A15,'Chi tiết NVL'!O:O) | G15: =+SUMIF('Chi tiết NVL'!$I:$I,$A15,'Chi tiết NVL'!P:P) | H15: =+SUMIF('Chi tiết NVL'!$I:$I,$A15,'Chi tiết NVL'!Q:Q) | I15: =+SUMIF('Chi tiết NVL'!$I:$I,$A15,'Chi tiết NVL'!R:R) | J15: =+SUMIF('Chi tiết NVL'!$I:$I,$A15,'Chi tiết NVL'!S:S)
A16: SƠN FUTURA CLASSIC RAL9010 18.22L | B16: =+VLOOKUP(A16,'Chi tiết NVL'!$I$10:$J$4158,2,0) | C16: =+SUMIF('Chi tiết NVL'!$I:$I,$A16,'Chi tiết NVL'!L:L) | D16: =+SUMIF('Chi tiết NVL'!$I:$I,$A16,'Chi tiết NVL'!M:M) | E16: =+SUMIF('Chi tiết NVL'!$I:$I,$A16,'Chi tiết NVL'!N:N) | F16: =+SUMIF('Chi tiết NVL'!$I:$I,$A16,'Chi tiết NVL'!O:O) | G16: =+SUMIF('Chi tiết NVL'!$I:$I,$A16,'Chi tiết NVL'!P:P) | H16: =+SUMIF('Chi tiết NVL'!$I:$I,$A16,'Chi tiết NVL'!Q:Q) | I16: =+SUMIF('Chi tiết NVL'!$I:$I,$A16,'Chi tiết NVL'!R:R) | J16: =+SUMIF('Chi tiết NVL'!$I:$I,$A16,'Chi tiết NVL'!S:S)
A17: SƠN FUTURA CLASSIC RAL7037 19.03L | B17: =+VLOOKUP(A17,'Chi tiết NVL'!$I$10:$J$4158,2,0) | C17: =+SUMIF('Chi tiết NVL'!$I:$I,$A17,'Chi tiết NVL'!L:L) | D17: =+SUMIF('Chi tiết NVL'!$I:$I,$A17,'Chi tiết NVL'!M:M) | E17: =+SUMIF('Chi tiết NVL'!$I:$I,$A17,'Chi tiết NVL'!N:N) | F17: =+SUMIF('Chi tiết NVL'!$I:$I,$A17,'Chi tiết NVL'!O:O) | G17: =+SUMIF('Chi tiết NVL'!$I:$I,$A17,'Chi tiết NVL'!P:P) | H17: =+SUMIF('Chi tiết NVL'!$I:$I,$A17,'Chi tiết NVL'!Q:Q) | I17: =+SUMIF('Chi tiết NVL'!$I:$I,$A17,'Chi tiết NVL'!R:R) | J17: =+SUMIF('Chi tiết NVL'!$I:$I,$A17,'Chi tiết NVL'!S:S)
A18: Thép tấm 6lyx1500x6000 | B18: =+VLOOKUP(A18,'Chi tiết NVL'!$I$10:$J$4158,2,0) | C18: =+SUMIF('Chi tiết NVL'!$I:$I,$A18,'Chi tiết NVL'!L:L) | D18: =+SUMIF('Chi tiết NVL'!$I:$I,$A18,'Chi tiết NVL'!M:M) | E18: =+SUMIF('Chi tiết NVL'!$I:$I,$A18,'Chi tiết NVL'!N:N) | F18: =+SUMIF('Chi tiết NVL'!$I:$I,$A18,'Chi tiết NVL'!O:O) | G18: =+SUMIF('Chi tiết NVL'!$I:$I,$A18,'Chi tiết NVL'!P:P) | H18: =+SUMIF('Chi tiết NVL'!$I:$I,$A18,'Chi tiết NVL'!Q:Q) | I18: =+SUMIF('Chi tiết NVL'!$I:$I,$A18,'Chi tiết NVL'!R:R) | J18: =+SUMIF('Chi tiết NVL'!$I:$I,$A18,'Chi tiết NVL'!S:S)
A19: Vít B2 Dacromet 12-14x20 | B19: =+VLOOKUP(A19,'Chi tiết NVL'!$I$10:$J$4158,2,0) | C19: =+SUMIF('Chi tiết NVL'!$I:$I,$A19,'Chi tiết NVL'!L:L) | D19: =+SUMIF('Chi tiết NVL'!$I:$I,$A19,'Chi tiết NVL'!M:M) | E19: =+SUMIF('Chi tiết NVL'!$I:$I,$A19,'Chi tiết NVL'!N:N) | F19: =+SUMIF('Chi tiết NVL'!$I:$I,$A19,'Chi tiết NVL'!O:O) | G19: =+SUMIF('Chi tiết NVL'!$I:$I,$A19,'Chi tiết NVL'!P:P) | H19: =+SUMIF('Chi tiết NVL'!$I:$I,$A19,'Chi tiết NVL'!Q:Q) | I19: =+SUMIF('Chi tiết NVL'!$I:$I,$A19,'Chi tiết NVL'!R:R) | J19: =+SUMIF('Chi tiết NVL'!$I:$I,$A19,'Chi tiết NVL'!S:S)
A20: Đinh hàn 4.8 M19x100 | B20: =+VLOOKUP(A20,'Chi tiết NVL'!$I$10:$J$4158,2,0) | C20: =+SUMIF('Chi tiết NVL'!$I:$I,$A20,'Chi tiết NVL'!L:L) | D20: =+SUMIF('Chi tiết NVL'!$I:$I,$A20,'Chi tiết NVL'!M:M) | E20: =+SUMIF('Chi tiết NVL'!$I:$I,$A20,'Chi tiết NVL'!N:N) | F20: =+SUMIF('Chi tiết NVL'!$I:$I,$A20,'Chi tiết NVL'!O:O) | G20: =+SUMIF('Chi tiết NVL'!$I:$I,$A20,'Chi tiết NVL'!P:P) | H20: =+SUMIF('Chi tiết NVL'!$I:$I,$A20,'Chi tiết NVL'!Q:Q) | I20: =+SUMIF('Chi tiết NVL'!$I:$I,$A20,'Chi tiết NVL'!R:R) | J20: =+SUMIF('Chi tiết NVL'!$I:$I,$A20,'Chi tiết NVL'!S:S)
A21: Vít B2 Dacromet 12-24x38 HWFS (lục giác) | B21: =+VLOOKUP(A21,'Chi tiết NVL'!$I$10:$J$4158,2,0) | C21: =+SUMIF('Chi tiết NVL'!$I:$I,$A21,'Chi tiết NVL'!L:L) | D21: =+SUMIF('Chi tiết NVL'!$I:$I,$A21,'Chi tiết NVL'!M:M) | E21: =+SUMIF('Chi tiết NVL'!$I:$I,$A21,'Chi tiết NVL'!N:N) | F21: =+SUMIF('Chi tiết NVL'!$I:$I,$A21,'Chi tiết NVL'!O:O) | G21: =+SUMIF('Chi tiết NVL'!$I:$I,$A21,'Chi tiết NVL'!P:P) | H21: =+SUMIF('Chi tiết NVL'!$I:$I,$A21,'Chi tiết NVL'!Q:Q) | I21: =+SUMIF('Chi tiết NVL'!$I:$I,$A21,'Chi tiết NVL'!R:R) | J21: =+SUMIF('Chi tiết NVL'!$I:$I,$A21,'Chi tiết NVL'!S:S)
A22: Bulong Din 933 8.8 ZP M20x60 | B22: =+VLOOKUP(A22,'Chi tiết NVL'!$I$10:$J$4158,2,0) | C22: =+SUMIF('Chi tiết NVL'!$I:$I,$A22,'Chi tiết NVL'!L:L) | D22: =+SUMIF('Chi tiết NVL'!$I:$I,$A22,'Chi tiết NVL'!M:M) | E22: =+SUMIF('Chi tiết NVL'!$I:$I,$A22,'Chi tiết NVL'!N:N) | F22: =+SUMIF('Chi tiết NVL'!$I:$I,$A22,'Chi tiết NVL'!O:O) | G22: =+SUMIF('Chi tiết NVL'!$I:$I,$A22,'Chi tiết NVL'!P:P) | H22: =+SUMIF('Chi tiết NVL'!$I:$I,$A22,'Chi tiết NVL'!Q:Q) | I22: =+SUMIF('Chi tiết NVL'!$I:$I,$A22,'Chi tiết NVL'!R:R) | J22: =+SUMIF('Chi tiết NVL'!$I:$I,$A22,'Chi tiết NVL'!S:S)
A23: Đai ốc Din 934 8 ZP M20 | B23: =+VLOOKUP(A23,'Chi tiết NVL'!$I$10:$J$4158,2,0) | C23: =+SUMIF('Chi tiết NVL'!$I:$I,$A23,'Chi tiết NVL'!L:L) | D23: =+SUMIF('Chi tiết NVL'!$I:$I,$A23,'Chi tiết NVL'!M:M) | E23: =+SUMIF('Chi tiết NVL'!$I:$I,$A23,'Chi tiết NVL'!N:N) | F23: =+SUMIF('Chi tiết NVL'!$I:$I,$A23,'Chi tiết NVL'!O:O) | G23: =+SUMIF('Chi tiết NVL'!$I:$I,$A23,'Chi tiết NVL'!P:P) | H23: =+SUMIF('Chi tiết NVL'!$I:$I,$A23,'Chi tiết NVL'!Q:Q) | I23: =+SUMIF('Chi tiết NVL'!$I:$I,$A23,'Chi tiết NVL'!R:R) | J23: =+SUMIF('Chi tiết NVL'!$I:$I,$A23,'Chi tiết NVL'!S:S)
... A872: Cung cấp cửa chớp thép theo báo giá số: 014425/BGXK/LTL-RM ký ngày 03/12/2025 | B872: =+VLOOKUP(A872,'Chi tiết NVL'!$I$10:$J$4158,2,0) | C872: =+SUMIF('Chi tiết NVL'!$I:$I,$A872,'Chi tiết NVL'!L:L) | D872: =+SUMIF('Chi tiết NVL'!$I:$I,$A872,'Chi tiết NVL'!M:M) | E872: =+SUMIF('Chi tiết NVL'!$I:$I,$A872,'Chi tiết NVL'!N:N) | F872: =+SUMIF('Chi tiết NVL'!$I:$I,$A872,'Chi tiết NVL'!O:O) | G872: =+SUMIF('Chi tiết NVL'!$I:$I,$A872,'Chi tiết NVL'!P:P) | H872: =+SUMIF('Chi tiết NVL'!$I:$I,$A872,'Chi tiết NVL'!Q:Q) | I872: =+SUMIF('Chi tiết NVL'!$I:$I,$A872,'Chi tiết NVL'!R:R) | J872: =+SUMIF('Chi tiết NVL'!$I:$I,$A872,'Chi tiết NVL'!S:S)
A873: Tổng cộng | C873: =SUM(C11:C872) | D873: =SUM(D11:D872) | E873: =SUM(E11:E872) | F873: =SUM(F11:F872) | G873: =SUM(G11:G872) | H873: =SUM(H11:H872) | I873: =SUM(I11:I872) | J873: =SUM(J11:J872)
H876: Giám Đốc
E878: ĐK | F878: CK
D879: XNT | E879: 0 | F879: 0
D880: TK 154 | E880: 6.071337e+09 | F880: 1.4714925e+09
D881: Tổng cộng | E881: =+E879+E880 | F881: =+F879+F880
H883: Nguyễn Văn Steeltech
